rank,surname,hanja,population,source_year,source_method,source_url
1,김,金,10689959,2015,bundled_fallback_top100,https://www.rootsinfo.co.kr/info/roots/table_sung15.php
2,이,李,7306828,2015,bundled_fallback_top100,https://www.rootsinfo.co.kr/info/roots/table_sung15.php
3,박,朴,4192074,2015,bundled_fallback_top100,https://www.rootsinfo.co.kr/info/roots/table_sung15.php
4,최,崔,2333927,2015,bundled_fallback_top100,https://www.rootsinfo.co.kr/info/roots/table_sung15.php
5,정,鄭,2151879,2015,bundled_fallback_top100,https://www.rootsinfo.co.kr/info/roots/table_sung15.php
6,강,姜,1176847,2015,bundled_fallback_top100,https://www.rootsinfo.co.kr/info/roots/table_sung15.php
7,조,趙,1055567,2015,bundled_fallback_top100,https://www.rootsinfo.co.kr/info/roots/table_sung15.php
8,윤,尹,1020547,2015,bundled_fallback_top100,https://www.rootsinfo.co.kr/info/roots/table_sung15.php
9,장,張,992721,2015,bundled_fallback_top100,https://www.rootsinfo.co.kr/info/roots/table_sung15.php
10,임,林,823921,2015,bundled_fallback_top100,https://www.rootsinfo.co.kr/info/roots/table_sung15.php
11,한,韓,773404,2015,bundled_fallback_top100,https://www.rootsinfo.co.kr/info/roots/table_sung15.php
12,오,吳,763281,2015,bundled_fallback_top100,https://www.rootsinfo.co.kr/info/roots/table_sung15.php
13,서,徐,751704,2015,bundled_fallback_top100,https://www.rootsinfo.co.kr/info/roots/table_sung15.php
14,신,申,741081,2015,bundled_fallback_top100,https://www.rootsinfo.co.kr/info/roots/table_sung15.php
15,권,權,705941,2015,bundled_fallback_top100,https://www.rootsinfo.co.kr/info/roots/table_sung15.php
16,황,黃,697171,2015,bundled_fallback_top100,https://www.rootsinfo.co.kr/info/roots/table_sung15.php
17,안,安,685639,2015,bundled_fallback_top100,https://www.rootsinfo.co.kr/info/roots/table_sung15.php
18,송,宋,683494,2015,bundled_fallback_top100,https://www.rootsinfo.co.kr/info/roots/table_sung15.php
19,전,全,559110,2015,bundled_fallback_top100,https://www.rootsinfo.co.kr/info/roots/table_sung15.php
20,홍,洪,558853,2015,bundled_fallback_top100,https://www.rootsinfo.co.kr/info/roots/table_sung15.php
21,유,柳,478990,2015,bundled_fallback_top100,https://www.rootsinfo.co.kr/info/roots/table_sung15.php
22,고,高,471396,2015,bundled_fallback_top100,https://www.rootsinfo.co.kr/info/roots/table_sung15.php
23,문,文,464040,2015,bundled_fallback_top100,https://www.rootsinfo.co.kr/info/roots/table_sung15.php
24,양,梁,460600,2015,bundled_fallback_top100,https://www.rootsinfo.co.kr/info/roots/table_sung15.php
25,손,孫,457303,2015,bundled_fallback_top100,https://www.rootsinfo.co.kr/info/roots/table_sung15.php
26,배,裵,400641,2015,bundled_fallback_top100,https://www.rootsinfo.co.kr/info/roots/table_sung15.php
27,조,曺,398260,2015,bundled_fallback_top100,https://www.rootsinfo.co.kr/info/roots/table_sung15.php
28,백,白,381986,2015,bundled_fallback_top100,https://www.rootsinfo.co.kr/info/roots/table_sung15.php
29,허,許,326770,2015,bundled_fallback_top100,https://www.rootsinfo.co.kr/info/roots/table_sung15.php
30,유,劉,302511,2015,bundled_fallback_top100,https://www.rootsinfo.co.kr/info/roots/table_sung15.php
31,남,南,275648,2015,bundled_fallback_top100,https://www.rootsinfo.co.kr/info/roots/table_sung15.php
32,심,沈,271749,2015,bundled_fallback_top100,https://www.rootsinfo.co.kr/info/roots/table_sung15.php
33,노,盧,256229,2015,bundled_fallback_top100,https://www.rootsinfo.co.kr/info/roots/table_sung15.php
34,정,丁,243803,2015,bundled_fallback_top100,https://www.rootsinfo.co.kr/info/roots/table_sung15.php
35,하,河,230481,2015,bundled_fallback_top100,https://www.rootsinfo.co.kr/info/roots/table_sung15.php
36,곽,郭,203188,2015,bundled_fallback_top100,https://www.rootsinfo.co.kr/info/roots/table_sung15.php
37,성,成,199124,2015,bundled_fallback_top100,https://www.rootsinfo.co.kr/info/roots/table_sung15.php
38,차,車,194782,2015,bundled_fallback_top100,https://www.rootsinfo.co.kr/info/roots/table_sung15.php
39,주,朱,194766,2015,bundled_fallback_top100,https://www.rootsinfo.co.kr/info/roots/table_sung15.php
40,우,禹,194713,2015,bundled_fallback_top100,https://www.rootsinfo.co.kr/info/roots/table_sung15.php
41,구,具,193080,2015,bundled_fallback_top100,https://www.rootsinfo.co.kr/info/roots/table_sung15.php
42,신,辛,192877,2015,bundled_fallback_top100,https://www.rootsinfo.co.kr/info/roots/table_sung15.php
43,임,任,191261,2015,bundled_fallback_top100,https://www.rootsinfo.co.kr/info/roots/table_sung15.php
44,전,田,186469,2015,bundled_fallback_top100,https://www.rootsinfo.co.kr/info/roots/table_sung15.php
45,민,閔,171740,2015,bundled_fallback_top100,https://www.rootsinfo.co.kr/info/roots/table_sung15.php
46,유,兪,167927,2015,bundled_fallback_top100,https://www.rootsinfo.co.kr/info/roots/table_sung15.php
47,류,柳,163703,2015,bundled_fallback_top100,https://www.rootsinfo.co.kr/info/roots/table_sung15.php
48,나,羅,160946,2015,bundled_fallback_top100,https://www.rootsinfo.co.kr/info/roots/table_sung15.php
49,진,陳,157599,2015,bundled_fallback_top100,https://www.rootsinfo.co.kr/info/roots/table_sung15.php
50,지,池,153491,2015,bundled_fallback_top100,https://www.rootsinfo.co.kr/info/roots/table_sung15.php
51,엄,嚴,144425,2015,bundled_fallback_top100,https://www.rootsinfo.co.kr/info/roots/table_sung15.php
52,채,蔡,131557,2015,bundled_fallback_top100,https://www.rootsinfo.co.kr/info/roots/table_sung15.php
53,원,元,129522,2015,bundled_fallback_top100,https://www.rootsinfo.co.kr/info/roots/table_sung15.php
54,천,千,121780,2015,bundled_fallback_top100,https://www.rootsinfo.co.kr/info/roots/table_sung15.php
55,방,方,94831,2015,bundled_fallback_top100,https://www.rootsinfo.co.kr/info/roots/table_sung15.php
56,공,孔,91869,2015,bundled_fallback_top100,https://www.rootsinfo.co.kr/info/roots/table_sung15.php
57,강,康,91625,2015,bundled_fallback_top100,https://www.rootsinfo.co.kr/info/roots/table_sung15.php
58,현,玄,88824,2015,bundled_fallback_top100,https://www.rootsinfo.co.kr/info/roots/table_sung15.php
59,함,咸,80659,2015,bundled_fallback_top100,https://www.rootsinfo.co.kr/info/roots/table_sung15.php
60,변,卞,78156,2015,bundled_fallback_top100,https://www.rootsinfo.co.kr/info/roots/table_sung15.php
61,염,廉,69387,2015,bundled_fallback_top100,https://www.rootsinfo.co.kr/info/roots/table_sung15.php
62,양,楊,69101,2015,bundled_fallback_top100,https://www.rootsinfo.co.kr/info/roots/table_sung15.php
63,변,邊,60633,2015,bundled_fallback_top100,https://www.rootsinfo.co.kr/info/roots/table_sung15.php
64,여,呂,60522,2015,bundled_fallback_top100,https://www.rootsinfo.co.kr/info/roots/table_sung15.php
65,추,秋,60483,2015,bundled_fallback_top100,https://www.rootsinfo.co.kr/info/roots/table_sung15.php
66,노,魯,58698,2015,bundled_fallback_top100,https://www.rootsinfo.co.kr/info/roots/table_sung15.php
67,도,都,56850,2015,bundled_fallback_top100,https://www.rootsinfo.co.kr/info/roots/table_sung15.php
68,소,蘇,52427,2015,bundled_fallback_top100,https://www.rootsinfo.co.kr/info/roots/table_sung15.php
69,신,愼,51865,2015,bundled_fallback_top100,https://www.rootsinfo.co.kr/info/roots/table_sung15.php
70,석,石,49203,2015,bundled_fallback_top100,https://www.rootsinfo.co.kr/info/roots/table_sung15.php
71,선,宣,42733,2015,bundled_fallback_top100,https://www.rootsinfo.co.kr/info/roots/table_sung15.php
72,설,薛,42646,2015,bundled_fallback_top100,https://www.rootsinfo.co.kr/info/roots/table_sung15.php
73,마,馬,38949,2015,bundled_fallback_top100,https://www.rootsinfo.co.kr/info/roots/table_sung15.php
74,길,吉,38173,2015,bundled_fallback_top100,https://www.rootsinfo.co.kr/info/roots/table_sung15.php
75,주,周,37240,2015,bundled_fallback_top100,https://www.rootsinfo.co.kr/info/roots/table_sung15.php
76,연,延,34766,2015,bundled_fallback_top100,https://www.rootsinfo.co.kr/info/roots/table_sung15.php
77,방,房,33520,2015,bundled_fallback_top100,https://www.rootsinfo.co.kr/info/roots/table_sung15.php
78,위,魏,31342,2015,bundled_fallback_top100,https://www.rootsinfo.co.kr/info/roots/table_sung15.php
79,표,表,30743,2015,bundled_fallback_top100,https://www.rootsinfo.co.kr/info/roots/table_sung15.php
80,명,明,29110,2015,bundled_fallback_top100,https://www.rootsinfo.co.kr/info/roots/table_sung15.php
81,기,奇,28829,2015,bundled_fallback_top100,https://www.rootsinfo.co.kr/info/roots/table_sung15.php
82,반,潘,28062,2015,bundled_fallback_top100,https://www.rootsinfo.co.kr/info/roots/table_sung15.php
83,라,羅,25960,2015,bundled_fallback_top100,https://www.rootsinfo.co.kr/info/roots/table_sung15.php
84,왕,王,25565,2015,bundled_fallback_top100,https://www.rootsinfo.co.kr/info/roots/table_sung15.php
85,금,琴,25432,2015,bundled_fallback_top100,https://www.rootsinfo.co.kr/info/roots/table_sung15.php
86,옥,玉,25107,2015,bundled_fallback_top100,https://www.rootsinfo.co.kr/info/roots/table_sung15.php
87,육,陸,23455,2015,bundled_fallback_top100,https://www.rootsinfo.co.kr/info/roots/table_sung15.php
88,인,印,22363,2015,bundled_fallback_top100,https://www.rootsinfo.co.kr/info/roots/table_sung15.php
89,맹,孟,22028,2015,bundled_fallback_top100,https://www.rootsinfo.co.kr/info/roots/table_sung15.php
90,제,諸,21976,2015,bundled_fallback_top100,https://www.rootsinfo.co.kr/info/roots/table_sung15.php
91,모,牟,21534,2015,bundled_fallback_top100,https://www.rootsinfo.co.kr/info/roots/table_sung15.php
92,장,蔣,21508,2015,bundled_fallback_top100,https://www.rootsinfo.co.kr/info/roots/table_sung15.php
93,남궁,南宮,21308,2015,bundled_fallback_top100,https://www.rootsinfo.co.kr/info/roots/table_sung15.php
94,탁,卓,21099,2015,bundled_fallback_top100,https://www.rootsinfo.co.kr/info/roots/table_sung15.php
95,국,鞠,20547,2015,bundled_fallback_top100,https://www.rootsinfo.co.kr/info/roots/table_sung15.php
96,여,余,20134,2015,bundled_fallback_top100,https://www.rootsinfo.co.kr/info/roots/table_sung15.php
97,진,秦,19301,2015,bundled_fallback_top100,https://www.rootsinfo.co.kr/info/roots/table_sung15.php
98,어,魚,18849,2015,bundled_fallback_top100,https://www.rootsinfo.co.kr/info/roots/table_sung15.php
99,은,殷,16894,2015,bundled_fallback_top100,https://www.rootsinfo.co.kr/info/roots/table_sung15.php
100,편,片,16689,2015,bundled_fallback_top100,https://www.rootsinfo.co.kr/info/roots/table_sung15.php
